1A,1B,1D,1E,1G,1I,1K,1L,qualified_thirds
3E,3J,3I,3F,3H,3G,3L,3K,EFGHIJKL
3H,3G,3I,3D,3J,3F,3L,3K,DFGHIJKL
3E,3J,3I,3D,3H,3G,3L,3K,DEGHIJKL
3E,3J,3I,3D,3H,3F,3L,3K,DEFHIJKL
3E,3G,3I,3D,3J,3F,3L,3K,DEFGIJKL
3E,3G,3J,3D,3H,3F,3L,3K,DEFGHJKL
3E,3G,3I,3D,3H,3F,3L,3K,DEFGHIKL
3E,3G,3J,3D,3H,3F,3L,3I,DEFGHIJL
3E,3G,3J,3D,3H,3F,3I,3K,DEFGHIJK
3H,3G,3I,3C,3J,3F,3L,3K,CFGHIJKL
3E,3J,3I,3C,3H,3G,3L,3K,CEGHIJKL
3E,3J,3I,3C,3H,3F,3L,3K,CEFHIJKL
3E,3G,3I,3C,3J,3F,3L,3K,CEFGIJKL
3E,3G,3J,3C,3H,3F,3L,3K,CEFGHJKL
3E,3G,3I,3C,3H,3F,3L,3K,CEFGHIKL
3E,3G,3J,3C,3H,3F,3L,3I,CEFGHIJL
3E,3G,3J,3C,3H,3F,3I,3K,CEFGHIJK
3H,3G,3I,3C,3J,3D,3L,3K,CDGHIJKL
3C,3J,3I,3D,3H,3F,3L,3K,CDFHIJKL
3C,3G,3I,3D,3J,3F,3L,3K,CDFGIJKL
3C,3G,3J,3D,3H,3F,3L,3K,CDFGHJKL
3C,3G,3I,3D,3H,3F,3L,3K,CDFGHIKL
3C,3G,3J,3D,3H,3F,3L,3I,CDFGHIJL
3C,3G,3J,3D,3H,3F,3I,3K,CDFGHIJK
3E,3J,3I,3C,3H,3D,3L,3K,CDEHIJKL
3E,3G,3I,3C,3J,3D,3L,3K,CDEGIJKL
3E,3G,3J,3C,3H,3D,3L,3K,CDEGHJKL
3E,3G,3I,3C,3H,3D,3L,3K,CDEGHIKL
3E,3G,3J,3C,3H,3D,3L,3I,CDEGHIJL
3E,3G,3J,3C,3H,3D,3I,3K,CDEGHIJK
3C,3J,3E,3D,3I,3F,3L,3K,CDEFIJKL
3C,3J,3E,3D,3H,3F,3L,3K,CDEFHJKL
3C,3E,3I,3D,3H,3F,3L,3K,CDEFHIKL
3C,3J,3E,3D,3H,3F,3L,3I,CDEFHIJL
3C,3J,3E,3D,3H,3F,3I,3K,CDEFHIJK
3C,3G,3E,3D,3J,3F,3L,3K,CDEFGJKL
3C,3G,3E,3D,3I,3F,3L,3K,CDEFGIKL
3C,3G,3E,3D,3J,3F,3L,3I,CDEFGIJL
3C,3G,3E,3D,3J,3F,3I,3K,CDEFGIJK
3C,3G,3E,3D,3H,3F,3L,3K,CDEFGHKL
3C,3G,3J,3D,3H,3F,3L,3E,CDEFGHJL
3C,3G,3J,3D,3H,3F,3E,3K,CDEFGHJK
3C,3G,3E,3D,3H,3F,3L,3I,CDEFGHIL
3C,3G,3E,3D,3H,3F,3I,3K,CDEFGHIK
3C,3G,3J,3D,3H,3F,3E,3I,CDEFGHIJ
3H,3J,3B,3F,3I,3G,3L,3K,BFGHIJKL
3E,3J,3I,3B,3H,3G,3L,3K,BEGHIJKL
3E,3J,3B,3F,3I,3H,3L,3K,BEFHIJKL
3E,3J,3B,3F,3I,3G,3L,3K,BEFGIJKL
3E,3J,3B,3F,3H,3G,3L,3K,BEFGHJKL
3E,3G,3B,3F,3I,3H,3L,3K,BEFGHIKL
3E,3J,3B,3F,3H,3G,3L,3I,BEFGHIJL
3E,3J,3B,3F,3H,3G,3I,3K,BEFGHIJK
3H,3J,3B,3D,3I,3G,3L,3K,BDGHIJKL
3H,3J,3B,3D,3I,3F,3L,3K,BDFHIJKL
3I,3G,3B,3D,3J,3F,3L,3K,BDFGIJKL
3H,3G,3B,3D,3J,3F,3L,3K,BDFGHJKL
3H,3G,3B,3D,3I,3F,3L,3K,BDFGHIKL
3H,3G,3B,3D,3J,3F,3L,3I,BDFGHIJL
3H,3G,3B,3D,3J,3F,3I,3K,BDFGHIJK
3E,3J,3B,3D,3I,3H,3L,3K,BDEHIJKL
3E,3J,3B,3D,3I,3G,3L,3K,BDEGIJKL
3E,3J,3B,3D,3H,3G,3L,3K,BDEGHJKL
3E,3G,3B,3D,3I,3H,3L,3K,BDEGHIKL
3E,3J,3B,3D,3H,3G,3L,3I,BDEGHIJL
3E,3J,3B,3D,3H,3G,3I,3K,BDEGHIJK
3E,3J,3B,3D,3I,3F,3L,3K,BDEFIJKL
3E,3J,3B,3D,3H,3F,3L,3K,BDEFHJKL
3E,3I,3B,3D,3H,3F,3L,3K,BDEFHIKL
3E,3J,3B,3D,3H,3F,3L,3I,BDEFHIJL
3E,3J,3B,3D,3H,3F,3I,3K,BDEFHIJK
3E,3G,3B,3D,3J,3F,3L,3K,BDEFGJKL
3E,3G,3B,3D,3I,3F,3L,3K,BDEFGIKL
3E,3G,3B,3D,3J,3F,3L,3I,BDEFGIJL
3E,3G,3B,3D,3J,3F,3I,3K,BDEFGIJK
3E,3G,3B,3D,3H,3F,3L,3K,BDEFGHKL
3H,3G,3B,3D,3J,3F,3L,3E,BDEFGHJL
3H,3G,3B,3D,3J,3F,3E,3K,BDEFGHJK
3E,3G,3B,3D,3H,3F,3L,3I,BDEFGHIL
3E,3G,3B,3D,3H,3F,3I,3K,BDEFGHIK
3H,3G,3B,3D,3J,3F,3E,3I,BDEFGHIJ
3H,3J,3B,3C,3I,3G,3L,3K,BCGHIJKL
3H,3J,3B,3C,3I,3F,3L,3K,BCFHIJKL
3I,3G,3B,3C,3J,3F,3L,3K,BCFGIJKL
3H,3G,3B,3C,3J,3F,3L,3K,BCFGHJKL
3H,3G,3B,3C,3I,3F,3L,3K,BCFGHIKL
3H,3G,3B,3C,3J,3F,3L,3I,BCFGHIJL
3H,3G,3B,3C,3J,3F,3I,3K,BCFGHIJK
3E,3J,3B,3C,3I,3H,3L,3K,BCEHIJKL
3E,3J,3B,3C,3I,3G,3L,3K,BCEGIJKL
3E,3J,3B,3C,3H,3G,3L,3K,BCEGHJKL
3E,3G,3B,3C,3I,3H,3L,3K,BCEGHIKL
3E,3J,3B,3C,3H,3G,3L,3I,BCEGHIJL
3E,3J,3B,3C,3H,3G,3I,3K,BCEGHIJK
3E,3J,3B,3C,3I,3F,3L,3K,BCEFIJKL
3E,3J,3B,3C,3H,3F,3L,3K,BCEFHJKL
3E,3I,3B,3C,3H,3F,3L,3K,BCEFHIKL
3E,3J,3B,3C,3H,3F,3L,3I,BCEFHIJL
3E,3J,3B,3C,3H,3F,3I,3K,BCEFHIJK
3E,3G,3B,3C,3J,3F,3L,3K,BCEFGJKL
3E,3G,3B,3C,3I,3F,3L,3K,BCEFGIKL
3E,3G,3B,3C,3J,3F,3L,3I,BCEFGIJL
3E,3G,3B,3C,3J,3F,3I,3K,BCEFGIJK
3E,3G,3B,3C,3H,3F,3L,3K,BCEFGHKL
3H,3G,3B,3C,3J,3F,3L,3E,BCEFGHJL
3H,3G,3B,3C,3J,3F,3E,3K,BCEFGHJK
3E,3G,3B,3C,3H,3F,3L,3I,BCEFGHIL
3E,3G,3B,3C,3H,3F,3I,3K,BCEFGHIK
3H,3G,3B,3C,3J,3F,3E,3I,BCEFGHIJ
3H,3J,3B,3C,3I,3D,3L,3K,BCDHIJKL
3I,3G,3B,3C,3J,3D,3L,3K,BCDGIJKL
3H,3G,3B,3C,3J,3D,3L,3K,BCDGHJKL
3H,3G,3B,3C,3I,3D,3L,3K,BCDGHIKL
3H,3G,3B,3C,3J,3D,3L,3I,BCDGHIJL
3H,3G,3B,3C,3J,3D,3I,3K,BCDGHIJK
3C,3J,3B,3D,3I,3F,3L,3K,BCDFIJKL
3C,3J,3B,3D,3H,3F,3L,3K,BCDFHJKL
3C,3I,3B,3D,3H,3F,3L,3K,BCDFHIKL
3C,3J,3B,3D,3H,3F,3L,3I,BCDFHIJL
3C,3J,3B,3D,3H,3F,3I,3K,BCDFHIJK
3C,3G,3B,3D,3J,3F,3L,3K,BCDFGJKL
3C,3G,3B,3D,3I,3F,3L,3K,BCDFGIKL
3C,3G,3B,3D,3J,3F,3L,3I,BCDFGIJL
3C,3G,3B,3D,3J,3F,3I,3K,BCDFGIJK
3C,3G,3B,3D,3H,3F,3L,3K,BCDFGHKL
3C,3G,3B,3D,3H,3F,3L,3J,BCDFGHJL
3H,3G,3B,3C,3J,3F,3D,3K,BCDFGHJK
3C,3G,3B,3D,3H,3F,3L,3I,BCDFGHIL
3C,3G,3B,3D,3H,3F,3I,3K,BCDFGHIK
3H,3G,3B,3C,3J,3F,3D,3I,BCDFGHIJ
3E,3J,3B,3C,3I,3D,3L,3K,BCDEIJKL
3E,3J,3B,3C,3H,3D,3L,3K,BCDEHJKL
3E,3I,3B,3C,3H,3D,3L,3K,BCDEHIKL
3E,3J,3B,3C,3H,3D,3L,3I,BCDEHIJL
3E,3J,3B,3C,3H,3D,3I,3K,BCDEHIJK
3E,3G,3B,3C,3J,3D,3L,3K,BCDEGJKL
3E,3G,3B,3C,3I,3D,3L,3K,BCDEGIKL
3E,3G,3B,3C,3J,3D,3L,3I,BCDEGIJL
3E,3G,3B,3C,3J,3D,3I,3K,BCDEGIJK
3E,3G,3B,3C,3H,3D,3L,3K,BCDEGHKL
3H,3G,3B,3C,3J,3D,3L,3E,BCDEGHJL
3H,3G,3B,3C,3J,3D,3E,3K,BCDEGHJK
3E,3G,3B,3C,3H,3D,3L,3I,BCDEGHIL
3E,3G,3B,3C,3H,3D,3I,3K,BCDEGHIK
3H,3G,3B,3C,3J,3D,3E,3I,BCDEGHIJ
3C,3J,3B,3D,3E,3F,3L,3K,BCDEFJKL
3C,3E,3B,3D,3I,3F,3L,3K,BCDEFIKL
3C,3J,3B,3D,3E,3F,3L,3I,BCDEFIJL
3C,3J,3B,3D,3E,3F,3I,3K,BCDEFIJK
3C,3E,3B,3D,3H,3F,3L,3K,BCDEFHKL
3C,3J,3B,3D,3H,3F,3L,3E,BCDEFHJL
3C,3J,3B,3D,3H,3F,3E,3K,BCDEFHJK
3C,3E,3B,3D,3H,3F,3L,3I,BCDEFHIL
3C,3E,3B,3D,3H,3F,3I,3K,BCDEFHIK
3C,3J,3B,3D,3H,3F,3E,3I,BCDEFHIJ
3C,3G,3B,3D,3E,3F,3L,3K,BCDEFGKL
3C,3G,3B,3D,3J,3F,3L,3E,BCDEFGJL
3C,3G,3B,3D,3J,3F,3E,3K,BCDEFGJK
3C,3G,3B,3D,3E,3F,3L,3I,BCDEFGIL
3C,3G,3B,3D,3E,3F,3I,3K,BCDEFGIK
3C,3G,3B,3D,3J,3F,3E,3I,BCDEFGIJ
3C,3G,3B,3D,3H,3F,3L,3E,BCDEFGHL
3C,3G,3B,3D,3H,3F,3E,3K,BCDEFGHK
3H,3G,3B,3C,3J,3F,3D,3E,BCDEFGHJ
3C,3G,3B,3D,3H,3F,3E,3I,BCDEFGHI
3H,3J,3I,3F,3A,3G,3L,3K,AFGHIJKL
3E,3J,3I,3A,3H,3G,3L,3K,AEGHIJKL
3E,3J,3I,3F,3A,3H,3L,3K,AEFHIJKL
3E,3J,3I,3F,3A,3G,3L,3K,AEFGIJKL
3E,3G,3J,3F,3A,3H,3L,3K,AEFGHJKL
3E,3G,3I,3F,3A,3H,3L,3K,AEFGHIKL
3E,3G,3J,3F,3A,3H,3L,3I,AEFGHIJL
3E,3G,3J,3F,3A,3H,3I,3K,AEFGHIJK
3H,3J,3I,3D,3A,3G,3L,3K,ADGHIJKL
3H,3J,3I,3D,3A,3F,3L,3K,ADFHIJKL
3I,3G,3J,3D,3A,3F,3L,3K,ADFGIJKL
3H,3G,3J,3D,3A,3F,3L,3K,ADFGHJKL
3H,3G,3I,3D,3A,3F,3L,3K,ADFGHIKL
3H,3G,3J,3D,3A,3F,3L,3I,ADFGHIJL
3H,3G,3J,3D,3A,3F,3I,3K,ADFGHIJK
3E,3J,3I,3D,3A,3H,3L,3K,ADEHIJKL
3E,3J,3I,3D,3A,3G,3L,3K,ADEGIJKL
3E,3G,3J,3D,3A,3H,3L,3K,ADEGHJKL
3E,3G,3I,3D,3A,3H,3L,3K,ADEGHIKL
3E,3G,3J,3D,3A,3H,3L,3I,ADEGHIJL
3E,3G,3J,3D,3A,3H,3I,3K,ADEGHIJK
3E,3J,3I,3D,3A,3F,3L,3K,ADEFIJKL
3H,3J,3E,3D,3A,3F,3L,3K,ADEFHJKL
3H,3E,3I,3D,3A,3F,3L,3K,ADEFHIKL
3H,3J,3E,3D,3A,3F,3L,3I,ADEFHIJL
3H,3J,3E,3D,3A,3F,3I,3K,ADEFHIJK
3E,3G,3J,3D,3A,3F,3L,3K,ADEFGJKL
3E,3G,3I,3D,3A,3F,3L,3K,ADEFGIKL
3E,3G,3J,3D,3A,3F,3L,3I,ADEFGIJL
3E,3G,3J,3D,3A,3F,3I,3K,ADEFGIJK
3H,3G,3E,3D,3A,3F,3L,3K,ADEFGHKL
3H,3G,3J,3D,3A,3F,3L,3E,ADEFGHJL
3H,3G,3J,3D,3A,3F,3E,3K,ADEFGHJK
3H,3G,3E,3D,3A,3F,3L,3I,ADEFGHIL
3H,3G,3E,3D,3A,3F,3I,3K,ADEFGHIK
3H,3G,3J,3D,3A,3F,3E,3I,ADEFGHIJ
3H,3J,3I,3C,3A,3G,3L,3K,ACGHIJKL
3H,3J,3I,3C,3A,3F,3L,3K,ACFHIJKL
3I,3G,3J,3C,3A,3F,3L,3K,ACFGIJKL
3H,3G,3J,3C,3A,3F,3L,3K,ACFGHJKL
3H,3G,3I,3C,3A,3F,3L,3K,ACFGHIKL
3H,3G,3J,3C,3A,3F,3L,3I,ACFGHIJL
3H,3G,3J,3C,3A,3F,3I,3K,ACFGHIJK
3E,3J,3I,3C,3A,3H,3L,3K,ACEHIJKL
3E,3J,3I,3C,3A,3G,3L,3K,ACEGIJKL
3E,3G,3J,3C,3A,3H,3L,3K,ACEGHJKL
3E,3G,3I,3C,3A,3H,3L,3K,ACEGHIKL
3E,3G,3J,3C,3A,3H,3L,3I,ACEGHIJL
3E,3G,3J,3C,3A,3H,3I,3K,ACEGHIJK
3E,3J,3I,3C,3A,3F,3L,3K,ACEFIJKL
3H,3J,3E,3C,3A,3F,3L,3K,ACEFHJKL
3H,3E,3I,3C,3A,3F,3L,3K,ACEFHIKL
3H,3J,3E,3C,3A,3F,3L,3I,ACEFHIJL
3H,3J,3E,3C,3A,3F,3I,3K,ACEFHIJK
3E,3G,3J,3C,3A,3F,3L,3K,ACEFGJKL
3E,3G,3I,3C,3A,3F,3L,3K,ACEFGIKL
3E,3G,3J,3C,3A,3F,3L,3I,ACEFGIJL
3E,3G,3J,3C,3A,3F,3I,3K,ACEFGIJK
3H,3G,3E,3C,3A,3F,3L,3K,ACEFGHKL
3H,3G,3J,3C,3A,3F,3L,3E,ACEFGHJL
3H,3G,3J,3C,3A,3F,3E,3K,ACEFGHJK
3H,3G,3E,3C,3A,3F,3L,3I,ACEFGHIL
3H,3G,3E,3C,3A,3F,3I,3K,ACEFGHIK
3H,3G,3J,3C,3A,3F,3E,3I,ACEFGHIJ
3H,3J,3I,3C,3A,3D,3L,3K,ACDHIJKL
3I,3G,3J,3C,3A,3D,3L,3K,ACDGIJKL
3H,3G,3J,3C,3A,3D,3L,3K,ACDGHJKL
3H,3G,3I,3C,3A,3D,3L,3K,ACDGHIKL
3H,3G,3J,3C,3A,3D,3L,3I,ACDGHIJL
3H,3G,3J,3C,3A,3D,3I,3K,ACDGHIJK
3C,3J,3I,3D,3A,3F,3L,3K,ACDFIJKL
3H,3J,3F,3C,3A,3D,3L,3K,ACDFHJKL
3H,3F,3I,3C,3A,3D,3L,3K,ACDFHIKL
3H,3J,3F,3C,3A,3D,3L,3I,ACDFHIJL
3H,3J,3F,3C,3A,3D,3I,3K,ACDFHIJK
3C,3G,3J,3D,3A,3F,3L,3K,ACDFGJKL
3C,3G,3I,3D,3A,3F,3L,3K,ACDFGIKL
3C,3G,3J,3D,3A,3F,3L,3I,ACDFGIJL
3C,3G,3J,3D,3A,3F,3I,3K,ACDFGIJK
3H,3G,3F,3C,3A,3D,3L,3K,ACDFGHKL
3C,3G,3J,3D,3A,3F,3L,3H,ACDFGHJL
3H,3G,3J,3C,3A,3F,3D,3K,ACDFGHJK
3H,3G,3F,3C,3A,3D,3L,3I,ACDFGHIL
3H,3G,3F,3C,3A,3D,3I,3K,ACDFGHIK
3H,3G,3J,3C,3A,3F,3D,3I,ACDFGHIJ
3E,3J,3I,3C,3A,3D,3L,3K,ACDEIJKL
3H,3J,3E,3C,3A,3D,3L,3K,ACDEHJKL
3H,3E,3I,3C,3A,3D,3L,3K,ACDEHIKL
3H,3J,3E,3C,3A,3D,3L,3I,ACDEHIJL
3H,3J,3E,3C,3A,3D,3I,3K,ACDEHIJK
3E,3G,3J,3C,3A,3D,3L,3K,ACDEGJKL
3E,3G,3I,3C,3A,3D,3L,3K,ACDEGIKL
3E,3G,3J,3C,3A,3D,3L,3I,ACDEGIJL
3E,3G,3J,3C,3A,3D,3I,3K,ACDEGIJK
3H,3G,3E,3C,3A,3D,3L,3K,ACDEGHKL
3H,3G,3J,3C,3A,3D,3L,3E,ACDEGHJL
3H,3G,3J,3C,3A,3D,3E,3K,ACDEGHJK
3H,3G,3E,3C,3A,3D,3L,3I,ACDEGHIL
3H,3G,3E,3C,3A,3D,3I,3K,ACDEGHIK
3H,3G,3J,3C,3A,3D,3E,3I,ACDEGHIJ
3C,3J,3E,3D,3A,3F,3L,3K,ACDEFJKL
3C,3E,3I,3D,3A,3F,3L,3K,ACDEFIKL
3C,3J,3E,3D,3A,3F,3L,3I,ACDEFIJL
3C,3J,3E,3D,3A,3F,3I,3K,ACDEFIJK
3H,3E,3F,3C,3A,3D,3L,3K,ACDEFHKL
3H,3J,3F,3C,3A,3D,3L,3E,ACDEFHJL
3H,3J,3E,3C,3A,3F,3D,3K,ACDEFHJK
3H,3E,3F,3C,3A,3D,3L,3I,ACDEFHIL
3H,3E,3F,3C,3A,3D,3I,3K,ACDEFHIK
3H,3J,3E,3C,3A,3F,3D,3I,ACDEFHIJ
3C,3G,3E,3D,3A,3F,3L,3K,ACDEFGKL
3C,3G,3J,3D,3A,3F,3L,3E,ACDEFGJL
3C,3G,3J,3D,3A,3F,3E,3K,ACDEFGJK
3C,3G,3E,3D,3A,3F,3L,3I,ACDEFGIL
3C,3G,3E,3D,3A,3F,3I,3K,ACDEFGIK
3C,3G,3J,3D,3A,3F,3E,3I,ACDEFGIJ
3H,3G,3F,3C,3A,3D,3L,3E,ACDEFGHL
3H,3G,3E,3C,3A,3F,3D,3K,ACDEFGHK
3H,3G,3J,3C,3A,3F,3D,3E,ACDEFGHJ
3H,3G,3E,3C,3A,3F,3D,3I,ACDEFGHI
3H,3J,3B,3A,3I,3G,3L,3K,ABGHIJKL
3H,3J,3B,3A,3I,3F,3L,3K,ABFHIJKL
3I,3J,3B,3F,3A,3G,3L,3K,ABFGIJKL
3H,3J,3B,3F,3A,3G,3L,3K,ABFGHJKL
3H,3G,3B,3A,3I,3F,3L,3K,ABFGHIKL
3H,3J,3B,3F,3A,3G,3L,3I,ABFGHIJL
3H,3J,3B,3F,3A,3G,3I,3K,ABFGHIJK
3E,3J,3B,3A,3I,3H,3L,3K,ABEHIJKL
3E,3J,3B,3A,3I,3G,3L,3K,ABEGIJKL
3E,3J,3B,3A,3H,3G,3L,3K,ABEGHJKL
3E,3G,3B,3A,3I,3H,3L,3K,ABEGHIKL
3E,3J,3B,3A,3H,3G,3L,3I,ABEGHIJL
3E,3J,3B,3A,3H,3G,3I,3K,ABEGHIJK
3E,3J,3B,3A,3I,3F,3L,3K,ABEFIJKL
3E,3J,3B,3F,3A,3H,3L,3K,ABEFHJKL
3E,3I,3B,3F,3A,3H,3L,3K,ABEFHIKL
3E,3J,3B,3F,3A,3H,3L,3I,ABEFHIJL
3E,3J,3B,3F,3A,3H,3I,3K,ABEFHIJK
3E,3J,3B,3F,3A,3G,3L,3K,ABEFGJKL
3E,3G,3B,3A,3I,3F,3L,3K,ABEFGIKL
3E,3J,3B,3F,3A,3G,3L,3I,ABEFGIJL
3E,3J,3B,3F,3A,3G,3I,3K,ABEFGIJK
3E,3G,3B,3F,3A,3H,3L,3K,ABEFGHKL
3H,3J,3B,3F,3A,3G,3L,3E,ABEFGHJL
3H,3J,3B,3F,3A,3G,3E,3K,ABEFGHJK
3E,3G,3B,3F,3A,3H,3L,3I,ABEFGHIL
3E,3G,3B,3F,3A,3H,3I,3K,ABEFGHIK
3H,3J,3B,3F,3A,3G,3E,3I,ABEFGHIJ
3I,3J,3B,3D,3A,3H,3L,3K,ABDHIJKL
3I,3J,3B,3D,3A,3G,3L,3K,ABDGIJKL
3H,3J,3B,3D,3A,3G,3L,3K,ABDGHJKL
3I,3G,3B,3D,3A,3H,3L,3K,ABDGHIKL
3H,3J,3B,3D,3A,3G,3L,3I,ABDGHIJL
3H,3J,3B,3D,3A,3G,3I,3K,ABDGHIJK
3I,3J,3B,3D,3A,3F,3L,3K,ABDFIJKL
3H,3J,3B,3D,3A,3F,3L,3K,ABDFHJKL
3H,3I,3B,3D,3A,3F,3L,3K,ABDFHIKL
3H,3J,3B,3D,3A,3F,3L,3I,ABDFHIJL
3H,3J,3B,3D,3A,3F,3I,3K,ABDFHIJK
3F,3J,3B,3D,3A,3G,3L,3K,ABDFGJKL
3I,3G,3B,3D,3A,3F,3L,3K,ABDFGIKL
3F,3J,3B,3D,3A,3G,3L,3I,ABDFGIJL
3F,3J,3B,3D,3A,3G,3I,3K,ABDFGIJK
3H,3G,3B,3D,3A,3F,3L,3K,ABDFGHKL
3H,3G,3B,3D,3A,3F,3L,3J,ABDFGHJL
3H,3G,3B,3D,3A,3F,3J,3K,ABDFGHJK
3H,3G,3B,3D,3A,3F,3L,3I,ABDFGHIL
3H,3G,3B,3D,3A,3F,3I,3K,ABDFGHIK
3H,3G,3B,3D,3A,3F,3I,3J,ABDFGHIJ
3E,3J,3B,3A,3I,3D,3L,3K,ABDEIJKL
3E,3J,3B,3D,3A,3H,3L,3K,ABDEHJKL
3E,3I,3B,3D,3A,3H,3L,3K,ABDEHIKL
3E,3J,3B,3D,3A,3H,3L,3I,ABDEHIJL
3E,3J,3B,3D,3A,3H,3I,3K,ABDEHIJK
3E,3J,3B,3D,3A,3G,3L,3K,ABDEGJKL
3E,3G,3B,3A,3I,3D,3L,3K,ABDEGIKL
3E,3J,3B,3D,3A,3G,3L,3I,ABDEGIJL
3E,3J,3B,3D,3A,3G,3I,3K,ABDEGIJK
3E,3G,3B,3D,3A,3H,3L,3K,ABDEGHKL
3H,3J,3B,3D,3A,3G,3L,3E,ABDEGHJL
3H,3J,3B,3D,3A,3G,3E,3K,ABDEGHJK
3E,3G,3B,3D,3A,3H,3L,3I,ABDEGHIL
3E,3G,3B,3D,3A,3H,3I,3K,ABDEGHIK
3H,3J,3B,3D,3A,3G,3E,3I,ABDEGHIJ
3E,3J,3B,3D,3A,3F,3L,3K,ABDEFJKL
3E,3I,3B,3D,3A,3F,3L,3K,ABDEFIKL
3E,3J,3B,3D,3A,3F,3L,3I,ABDEFIJL
3E,3J,3B,3D,3A,3F,3I,3K,ABDEFIJK
3H,3E,3B,3D,3A,3F,3L,3K,ABDEFHKL
3H,3J,3B,3D,3A,3F,3L,3E,ABDEFHJL
3H,3J,3B,3D,3A,3F,3E,3K,ABDEFHJK
3H,3E,3B,3D,3A,3F,3L,3I,ABDEFHIL
3H,3E,3B,3D,3A,3F,3I,3K,ABDEFHIK
3H,3J,3B,3D,3A,3F,3E,3I,ABDEFHIJ
3E,3G,3B,3D,3A,3F,3L,3K,ABDEFGKL
3E,3G,3B,3D,3A,3F,3L,3J,ABDEFGJL
3E,3G,3B,3D,3A,3F,3J,3K,ABDEFGJK
3E,3G,3B,3D,3A,3F,3L,3I,ABDEFGIL
3E,3G,3B,3D,3A,3F,3I,3K,ABDEFGIK
3E,3G,3B,3D,3A,3F,3I,3J,ABDEFGIJ
3H,3G,3B,3D,3A,3F,3L,3E,ABDEFGHL
3H,3G,3B,3D,3A,3F,3E,3K,ABDEFGHK
3H,3G,3B,3D,3A,3F,3E,3J,ABDEFGHJ
3H,3G,3B,3D,3A,3F,3E,3I,ABDEFGHI
3I,3J,3B,3C,3A,3H,3L,3K,ABCHIJKL
3I,3J,3B,3C,3A,3G,3L,3K,ABCGIJKL
3H,3J,3B,3C,3A,3G,3L,3K,ABCGHJKL
3I,3G,3B,3C,3A,3H,3L,3K,ABCGHIKL
3H,3J,3B,3C,3A,3G,3L,3I,ABCGHIJL
3H,3J,3B,3C,3A,3G,3I,3K,ABCGHIJK
3I,3J,3B,3C,3A,3F,3L,3K,ABCFIJKL
3H,3J,3B,3C,3A,3F,3L,3K,ABCFHJKL
3H,3I,3B,3C,3A,3F,3L,3K,ABCFHIKL
3H,3J,3B,3C,3A,3F,3L,3I,ABCFHIJL
3H,3J,3B,3C,3A,3F,3I,3K,ABCFHIJK
3C,3J,3B,3F,3A,3G,3L,3K,ABCFGJKL
3I,3G,3B,3C,3A,3F,3L,3K,ABCFGIKL
3C,3J,3B,3F,3A,3G,3L,3I,ABCFGIJL
3C,3J,3B,3F,3A,3G,3I,3K,ABCFGIJK
3H,3G,3B,3C,3A,3F,3L,3K,ABCFGHKL
3H,3G,3B,3C,3A,3F,3L,3J,ABCFGHJL
3H,3G,3B,3C,3A,3F,3J,3K,ABCFGHJK
3H,3G,3B,3C,3A,3F,3L,3I,ABCFGHIL
3H,3G,3B,3C,3A,3F,3I,3K,ABCFGHIK
3H,3G,3B,3C,3A,3F,3I,3J,ABCFGHIJ
3E,3J,3B,3A,3I,3C,3L,3K,ABCEIJKL
3E,3J,3B,3C,3A,3H,3L,3K,ABCEHJKL
3E,3I,3B,3C,3A,3H,3L,3K,ABCEHIKL
3E,3J,3B,3C,3A,3H,3L,3I,ABCEHIJL
3E,3J,3B,3C,3A,3H,3I,3K,ABCEHIJK
3E,3J,3B,3C,3A,3G,3L,3K,ABCEGJKL
3E,3G,3B,3A,3I,3C,3L,3K,ABCEGIKL
3E,3J,3B,3C,3A,3G,3L,3I,ABCEGIJL
3E,3J,3B,3C,3A,3G,3I,3K,ABCEGIJK
3E,3G,3B,3C,3A,3H,3L,3K,ABCEGHKL
3H,3J,3B,3C,3A,3G,3L,3E,ABCEGHJL
3H,3J,3B,3C,3A,3G,3E,3K,ABCEGHJK
3E,3G,3B,3C,3A,3H,3L,3I,ABCEGHIL
3E,3G,3B,3C,3A,3H,3I,3K,ABCEGHIK
3H,3J,3B,3C,3A,3G,3E,3I,ABCEGHIJ
3E,3J,3B,3C,3A,3F,3L,3K,ABCEFJKL
3E,3I,3B,3C,3A,3F,3L,3K,ABCEFIKL
3E,3J,3B,3C,3A,3F,3L,3I,ABCEFIJL
3E,3J,3B,3C,3A,3F,3I,3K,ABCEFIJK
3H,3E,3B,3C,3A,3F,3L,3K,ABCEFHKL
3H,3J,3B,3C,3A,3F,3L,3E,ABCEFHJL
3H,3J,3B,3C,3A,3F,3E,3K,ABCEFHJK
3H,3E,3B,3C,3A,3F,3L,3I,ABCEFHIL
3H,3E,3B,3C,3A,3F,3I,3K,ABCEFHIK
3H,3J,3B,3C,3A,3F,3E,3I,ABCEFHIJ
3E,3G,3B,3C,3A,3F,3L,3K,ABCEFGKL
3E,3G,3B,3C,3A,3F,3L,3J,ABCEFGJL
3E,3G,3B,3C,3A,3F,3J,3K,ABCEFGJK
3E,3G,3B,3C,3A,3F,3L,3I,ABCEFGIL
3E,3G,3B,3C,3A,3F,3I,3K,ABCEFGIK
3E,3G,3B,3C,3A,3F,3I,3J,ABCEFGIJ
3H,3G,3B,3C,3A,3F,3L,3E,ABCEFGHL
3H,3G,3B,3C,3A,3F,3E,3K,ABCEFGHK
3H,3G,3B,3C,3A,3F,3E,3J,ABCEFGHJ
3H,3G,3B,3C,3A,3F,3E,3I,ABCEFGHI
3I,3J,3B,3C,3A,3D,3L,3K,ABCDIJKL
3H,3J,3B,3C,3A,3D,3L,3K,ABCDHJKL
3H,3I,3B,3C,3A,3D,3L,3K,ABCDHIKL
3H,3J,3B,3C,3A,3D,3L,3I,ABCDHIJL
3H,3J,3B,3C,3A,3D,3I,3K,ABCDHIJK
3C,3J,3B,3D,3A,3G,3L,3K,ABCDGJKL
3I,3G,3B,3C,3A,3D,3L,3K,ABCDGIKL
3C,3J,3B,3D,3A,3G,3L,3I,ABCDGIJL
3C,3J,3B,3D,3A,3G,3I,3K,ABCDGIJK
3H,3G,3B,3C,3A,3D,3L,3K,ABCDGHKL
3H,3G,3B,3C,3A,3D,3L,3J,ABCDGHJL
3H,3G,3B,3C,3A,3D,3J,3K,ABCDGHJK
3H,3G,3B,3C,3A,3D,3L,3I,ABCDGHIL
3H,3G,3B,3C,3A,3D,3I,3K,ABCDGHIK
3H,3G,3B,3C,3A,3D,3I,3J,ABCDGHIJ
3C,3J,3B,3D,3A,3F,3L,3K,ABCDFJKL
3C,3I,3B,3D,3A,3F,3L,3K,ABCDFIKL
3C,3J,3B,3D,3A,3F,3L,3I,ABCDFIJL
3C,3J,3B,3D,3A,3F,3I,3K,ABCDFIJK
3H,3F,3B,3C,3A,3D,3L,3K,ABCDFHKL
3C,3J,3B,3D,3A,3F,3L,3H,ABCDFHJL
3H,3J,3B,3C,3A,3F,3D,3K,ABCDFHJK
3H,3F,3B,3C,3A,3D,3L,3I,ABCDFHIL
3H,3F,3B,3C,3A,3D,3I,3K,ABCDFHIK
3H,3J,3B,3C,3A,3F,3D,3I,ABCDFHIJ
3C,3G,3B,3D,3A,3F,3L,3K,ABCDFGKL
3C,3G,3B,3D,3A,3F,3L,3J,ABCDFGJL
3C,3G,3B,3D,3A,3F,3J,3K,ABCDFGJK
3C,3G,3B,3D,3A,3F,3L,3I,ABCDFGIL
3C,3G,3B,3D,3A,3F,3I,3K,ABCDFGIK
3C,3G,3B,3D,3A,3F,3I,3J,ABCDFGIJ
3C,3G,3B,3D,3A,3F,3L,3H,ABCDFGHL
3H,3G,3B,3C,3A,3F,3D,3K,ABCDFGHK
3H,3G,3B,3C,3A,3F,3D,3J,ABCDFGHJ
3H,3G,3B,3C,3A,3F,3D,3I,ABCDFGHI
3E,3J,3B,3C,3A,3D,3L,3K,ABCDEJKL
3E,3I,3B,3C,3A,3D,3L,3K,ABCDEIKL
3E,3J,3B,3C,3A,3D,3L,3I,ABCDEIJL
3E,3J,3B,3C,3A,3D,3I,3K,ABCDEIJK
3H,3E,3B,3C,3A,3D,3L,3K,ABCDEHKL
3H,3J,3B,3C,3A,3D,3L,3E,ABCDEHJL
3H,3J,3B,3C,3A,3D,3E,3K,ABCDEHJK
3H,3E,3B,3C,3A,3D,3L,3I,ABCDEHIL
3H,3E,3B,3C,3A,3D,3I,3K,ABCDEHIK
3H,3J,3B,3C,3A,3D,3E,3I,ABCDEHIJ
3E,3G,3B,3C,3A,3D,3L,3K,ABCDEGKL
3E,3G,3B,3C,3A,3D,3L,3J,ABCDEGJL
3E,3G,3B,3C,3A,3D,3J,3K,ABCDEGJK
3E,3G,3B,3C,3A,3D,3L,3I,ABCDEGIL
3E,3G,3B,3C,3A,3D,3I,3K,ABCDEGIK
3E,3G,3B,3C,3A,3D,3I,3J,ABCDEGIJ
3H,3G,3B,3C,3A,3D,3L,3E,ABCDEGHL
3H,3G,3B,3C,3A,3D,3E,3K,ABCDEGHK
3H,3G,3B,3C,3A,3D,3E,3J,ABCDEGHJ
3H,3G,3B,3C,3A,3D,3E,3I,ABCDEGHI
3C,3E,3B,3D,3A,3F,3L,3K,ABCDEFKL
3C,3J,3B,3D,3A,3F,3L,3E,ABCDEFJL
3C,3J,3B,3D,3A,3F,3E,3K,ABCDEFJK
3C,3E,3B,3D,3A,3F,3L,3I,ABCDEFIL
3C,3E,3B,3D,3A,3F,3I,3K,ABCDEFIK
3C,3J,3B,3D,3A,3F,3E,3I,ABCDEFIJ
3H,3F,3B,3C,3A,3D,3L,3E,ABCDEFHL
3H,3E,3B,3C,3A,3F,3D,3K,ABCDEFHK
3H,3J,3B,3C,3A,3F,3D,3E,ABCDEFHJ
3H,3E,3B,3C,3A,3F,3D,3I,ABCDEFHI
3C,3G,3B,3D,3A,3F,3L,3E,ABCDEFGL
3C,3G,3B,3D,3A,3F,3E,3K,ABCDEFGK
3C,3G,3B,3D,3A,3F,3E,3J,ABCDEFGJ
3C,3G,3B,3D,3A,3F,3E,3I,ABCDEFGI
3H,3G,3B,3C,3A,3F,3D,3E,ABCDEFGH
